"Data Source","World Development Indicators",

"Last Updated Date","2022-07-20",

"Country Name","Country Code","Indicator Name","Indicator Code","1960","1961","1962","1963","1964","1965","1966","1967","1968","1969","1970","1971","1972","1973","1974","1975","1976","1977","1978","1979","1980","1981","1982","1983","1984","1985","1986","1987","1988","1989","1990","1991","1992","1993","1994","1995","1996","1997","1998","1999","2000","2001","2002","2003","2004","2005","2006","2007","2008","2009","2010","2011","2012","2013","2014","2015","2016","2017","2018","2019","2020","2021",
"Aruba","ABW","Cause of death, by non-communicable diseases (% of total)","SH.DTH.NCOM.ZS","","","","","","","","","","","","","","","","","","","","","","","","","","","","","","","","","","","","","","","","","","","","","","","","","","","","","","","","","","","","","","",
"Africa Eastern and Southern","AFE","Cause of death, by non-communicable diseases (% of total)","SH.DTH.NCOM.ZS","","","","","","","","","","","","","","","","","","","","","","","","","","","","","","","","","","","","","","","","","24.6203943512119","","","","","","","","","","31.8964045021644","","","","","36.8597650618163","","","","40.0824977547467","","",
"Afghanistan","AFG","Cause of death, by non-communicable diseases (% of total)","SH.DTH.NCOM.ZS","","","","","","","","","","","","","","","","","","","","","","","","","","","","","","","","","","","","","","","","","32.0097632220991","","","","","","","","","","40.8191640676136","","","","","44.2190527205372","","","","49.7810848710223","","",
"Africa Western and Central","AFW","Cause of death, by non-communicable diseases (% of total)","SH.DTH.NCOM.ZS","","","","","","","","","","","","","","","","","","","","","","","","","","","","","","","","","","","","","","","","","22.4289887256293","","","","","","","","","","27.2458392934964","","","","","29.555019563736","","","","31.643845372917","","",
"Angola","AGO","Cause of death, by non-communicable diseases (% of total)","SH.DTH.NCOM.ZS","","","","","","","","","","","","","","","","","","","","","","","","","","","","","","","","","","","","","","","","","20.2088537719893","","","","","","","","","","25.8443997114823","","","","","29.9384422979868","","","","31.7494401531339","","",
"Albania","ALB","Cause of death, by non-communicable diseases (% of total)","SH.DTH.NCOM.ZS","","","","","","","","","","","","","","","","","","","","","","","","","","","","","","","","","","","","","","","","","84.1423460009506","","","","","","","","","","90.5993497247237","","","","","92.9178058274323","","","","93.9408931427863","","",
"Andorra","AND","Cause of death, by non-communicable diseases (% of total)","SH.DTH.NCOM.ZS","","","","","","","","","","","","","","","","","","","","","","","","","","","","","","","","","","","","","","","","","","","","","","","","","","","","","","","","","","","","","","",
"Arab World","ARB","Cause of death, by non-communicable diseases (% of total)","SH.DTH.NCOM.ZS","","","","","","","","","","","","","","","","","","","","","","","","","","","","","","","","","","","","","","","","","58.5076009199945","","","","","","","","","","65.9235262244774","","","","","66.085928775638","","","","71.0539443533865","","",
"United Arab Emirates","ARE","Cause of death, by non-communicable diseases (% of total)","SH.DTH.NCOM.ZS","","","","","","","","","","","","","","","","","","","","","","","","","","","","","","","","","","","","","","","","","68.8419090044936","","","","","","","","","","66.9737121941481","","","","","71.6400237119771","","","","77.0996232320676","","",
"Argentina","ARG","Cause of death, by non-communicable diseases (% of total)","SH.DTH.NCOM.ZS","","","","","","","","","","","","","","","","","","","","","","","","","","","","","","","","","","","","","","","","","80.7265511680202","","","","","","","","","","79.9626676608716","","","","","78.2957693035364","","","","76.6944625404959","","",
"Armenia","ARM","Cause of death, by non-communicable diseases (% of total)","SH.DTH.NCOM.ZS","","","","","","","","","","","","","","","","","","","","","","","","","","","","","","","","","","","","","","","","","89.0871240096704","","","","","","","","","","90.8004349005465","","","","","90.7738683089306","","","","88.6277513245613","","",
"American Samoa","ASM","Cause of death, by non-communicable diseases (% of total)","SH.DTH.NCOM.ZS","","","","","","","","","","","","","","","","","","","","","","","","","","","","","","","","","","","","","","","","","","","","","","","","","","","","","","","","","","","","","","",
"Antigua and Barbuda","ATG","Cause of death, by non-communicable diseases (% of total)","SH.DTH.NCOM.ZS","","","","","","","","","","","","","","","","","","","","","","","","","","","","","","","","","","","","","","","","","79.8403541165084","","","","","","","","","","80.9807593437051","","","","","83.5051057233273","","","","84.7928092808798","","",
"Australia","AUS","Cause of death, by non-communicable diseases (% of total)","SH.DTH.NCOM.ZS","","","","","","","","","","","","","","","","","","","","","","","","","","","","","","","","","","","","","","","","","89.7690707850361","","","","","","","","","","90.4568900838594","","","","","89.5734193050277","","","","89.1143536670652","","",
"Austria","AUT","Cause of death, by non-communicable diseases (% of total)","SH.DTH.NCOM.ZS","","","","","","","","","","","","","","","","","","","","","","","","","","","","","","","","","","","","","","","","","91.6583429370005","","","","","","","","","","91.7936864361137","","","","","91.9487576964715","","","","90.9847050700664","","",
"Azerbaijan","AZE","Cause of death, by non-communicable diseases (% of total)","SH.DTH.NCOM.ZS","","","","","","","","","","","","","","","","","","","","","","","","","","","","","","","","","","","","","","","","","76.0546502622718","","","","","","","","","","84.9605525199572","","","","","88.1960947386513","","","","90.2481711224634","","",
"Burundi","BDI","Cause of death, by non-communicable diseases (% of total)","SH.DTH.NCOM.ZS","","","","","","","","","","","","","","","","","","","","","","","","","","","","","","","","","","","","","","","","","19.9317656386051","","","","","","","","","","29.7279796994411","","","","","33.59066288402","","","","36.7638905790271","","",
"Belgium","BEL","Cause of death, by non-communicable diseases (% of total)","SH.DTH.NCOM.ZS","","","","","","","","","","","","","","","","","","","","","","","","","","","","","","","","","","","","","","","","","85.9962660709499","","","","","","","","","","86.4912296118674","","","","","85.9018536923863","","","","85.9811278647269","","",
"Benin","BEN","Cause of death, by non-communicable diseases (% of total)","SH.DTH.NCOM.ZS","","","","","","","","","","","","","","","","","","","","","","","","","","","","","","","","","","","","","","","","","29.1952440998455","","","","","","","","","","33.9334140521826","","","","","36.8872587942422","","","","38.9765291553727","","",
"Burkina Faso","BFA","Cause of death, by non-communicable diseases (% of total)","SH.DTH.NCOM.ZS","","","","","","","","","","","","","","","","","","","","","","","","","","","","","","","","","","","","","","","","","21.141390762208","","","","","","","","","","27.0059366908127","","","","","32.3012217024077","","","","34.7652014223855","","",
"Bangladesh","BGD","Cause of death, by non-communicable diseases (% of total)","SH.DTH.NCOM.ZS","","","","","","","","","","","","","","","","","","","","","","","","","","","","","","","","","","","","","","","","","43.1124581022785","","","","","","","","","","59.4311989454775","","","","","63.7038514843619","","","","70.2556717831391","","",
"Bulgaria","BGR","Cause of death, by non-communicable diseases (% of total)","SH.DTH.NCOM.ZS","","","","","","","","","","","","","","","","","","","","","","","","","","","","","","","","","","","","","","","","","92.8468902770684","","","","","","","","","","94.8588737690579","","","","","95.1678185348543","","","","95.3110776571572","","",
"Bahrain","BHR","Cause of death, by non-communicable diseases (% of total)","SH.DTH.NCOM.ZS","","","","","","","","","","","","","","","","","","","","","","","","","","","","","","","","","","","","","","","","","81.9647121011627","","","","","","","","","","83.4659429966405","","","","","84.4277939063933","","","","86.0990092950325","","",
"Bahamas, The","BHS","Cause of death, by non-communicable diseases (% of total)","SH.DTH.NCOM.ZS","","","","","","","","","","","","","","","","","","","","","","","","","","","","","","","","","","","","","","","","","60.0708294641301","","","","","","","","","","74.1595133621496","","","","","72.6464497620165","","","","75.4340380076986","","",
"Bosnia and Herzegovina","BIH","Cause of death, by non-communicable diseases (% of total)","SH.DTH.NCOM.ZS","","","","","","","","","","","","","","","","","","","","","","","","","","","","","","","","","","","","","","","","","90.5703673900243","","","","","","","","","","93.344101873251","","","","","93.8700800763315","","","","94.4236633469105","","",
"Belarus","BLR","Cause of death, by non-communicable diseases (% of total)","SH.DTH.NCOM.ZS","","","","","","","","","","","","","","","","","","","","","","","","","","","","","","","","","","","","","","","","","87.3540978652613","","","","","","","","","","89.1114618287848","","","","","91.7818640866265","","","","92.6768424325138","","",
"Belize","BLZ","Cause of death, by non-communicable diseases (% of total)","SH.DTH.NCOM.ZS","","","","","","","","","","","","","","","","","","","","","","","","","","","","","","","","","","","","","","","","","61.5070941614487","","","","","","","","","","62.2199218731043","","","","","61.6749641537824","","","","65.2188110018724","","",
"Bermuda","BMU","Cause of death, by non-communicable diseases (% of total)","SH.DTH.NCOM.ZS","","","","","","","","","","","","","","","","","","","","","","","","","","","","","","","","","","","","","","","","","","","","","","","","","","","","","","","","","","","","","","",
"Bolivia","BOL","Cause of death, by non-communicable diseases (% of total)","SH.DTH.NCOM.ZS","","","","","","","","","","","","","","","","","","","","","","","","","","","","","","","","","","","","","","","","","53.1977972353665","","","","","","","","","","64.6162738997523","","","","","70.2540013069343","","","","72.6759001252702","","",
"Brazil","BRA","Cause of death, by non-communicable diseases (% of total)","SH.DTH.NCOM.ZS","","","","","","","","","","","","","","","","","","","","","","","","","","","","","","","","","","","","","","","","","69.1397667969442","","","","","","","","","","73.0184281962182","","","","","73.369855341327","","","","74.7376983511031","","",
"Barbados","BRB","Cause of death, by non-communicable diseases (% of total)","SH.DTH.NCOM.ZS","","","","","","","","","","","","","","","","","","","","","","","","","","","","","","","","","","","","","","","","","80.6347339456326","","","","","","","","","","81.5377874670786","","","","","81.7714232670374","","","","82.790270878622","","",
"Brunei Darussalam","BRN","Cause of death, by non-communicable diseases (% of total)","SH.DTH.NCOM.ZS","","","","","","","","","","","","","","","","","","","","","","","","","","","","","","","","","","","","","","","","","80.0946584349011","","","","","","","","","","81.7066076948468","","","","","80.1370601929221","","","","84.6690303548102","","",
"Bhutan","BTN","Cause of death, by non-communicable diseases (% of total)","SH.DTH.NCOM.ZS","","","","","","","","","","","","","","","","","","","","","","","","","","","","","","","","","","","","","","","","","47.1285647623814","","","","","","","","","","63.5239192364032","","","","","69.4315555800482","","","","72.7433195327289","","",
"Botswana","BWA","Cause of death, by non-communicable diseases (% of total)","SH.DTH.NCOM.ZS","","","","","","","","","","","","","","","","","","","","","","","","","","","","","","","","","","","","","","","","","26.7788945128453","","","","","","","","","","38.1681160922247","","","","","44.5386614095687","","","","45.7103277474811","","",
"Central African Republic","CAF","Cause of death, by non-communicable diseases (% of total)","SH.DTH.NCOM.ZS","","","","","","","","","","","","","","","","","","","","","","","","","","","","","","","","","","","","","","","","","26.6897041043094","","","","","","","","","","28.6204147295789","","","","","30.3689737545268","","","","31.9181186711719","","",
"Canada","CAN","Cause of death, by non-communicable diseases (% of total)","SH.DTH.NCOM.ZS","","","","","","","","","","","","","","","","","","","","","","","","","","","","","","","","","","","","","","","","","89.7698146205131","","","","","","","","","","88.7360795967705","","","","","88.6363987933695","","","","89.8086329490656","","",
"Central Europe and the Baltics","CEB","Cause of death, by non-communicable diseases (% of total)","SH.DTH.NCOM.ZS","","","","","","","","","","","","","","","","","","","","","","","","","","","","","","","","","","","","","","","","","89.8861145844393","","","","","","","","","","91.3034622633269","","","","","91.5356767971222","","","","91.1277680450432","","",
"Switzerland","CHE","Cause of death, by non-communicable diseases (% of total)","SH.DTH.NCOM.ZS","","","","","","","","","","","","","","","","","","","","","","","","","","","","","","","","","","","","","","","","","88.4722119004469","","","","","","","","","","90.6957485730542","","","","","89.7083775891724","","","","89.5529243677502","","",
"Channel Islands","CHI","Cause of death, by non-communicable diseases (% of total)","SH.DTH.NCOM.ZS","","","","","","","","","","","","","","","","","","","","","","","","","","","","","","","","","","","","","","","","","","","","","","","","","","","","","","","","","","","","","","",
"Chile","CHL","Cause of death, by non-communicable diseases (% of total)","SH.DTH.NCOM.ZS","","","","","","","","","","","","","","","","","","","","","","","","","","","","","","","","","","","","","","","","","79.072196748813","","","","","","","","","","83.4808943138178","","","","","84.6785711422917","","","","85.1251257357857","","",
"China","CHN","Cause of death, by non-communicable diseases (% of total)","SH.DTH.NCOM.ZS","","","","","","","","","","","","","","","","","","","","","","","","","","","","","","","","","","","","","","","","","81.0437980147124","","","","","","","","","","86.4467666901341","","","","","88.3413091635005","","","","89.6330763010546","","",
"Cote d'Ivoire","CIV","Cause of death, by non-communicable diseases (% of total)","SH.DTH.NCOM.ZS","","","","","","","","","","","","","","","","","","","","","","","","","","","","","","","","","","","","","","","","","24.0332205828772","","","","","","","","","","30.0540830023275","","","","","32.9619530367746","","","","35.6599009600282","","",
"Cameroon","CMR","Cause of death, by non-communicable diseases (% of total)","SH.DTH.NCOM.ZS","","","","","","","","","","","","","","","","","","","","","","","","","","","","","","","","","","","","","","","","","27.3798242134524","","","","","","","","","","31.3353581312445","","","","","33.4817708467219","","","","37.7262566860188","","",
"Congo, Dem. Rep.","COD","Cause of death, by non-communicable diseases (% of total)","SH.DTH.NCOM.ZS","","","","","","","","","","","","","","","","","","","","","","","","","","","","","","","","","","","","","","","","","23.2901252489806","","","","","","","","","","28.4470948046941","","","","","31.0491482539882","","","","34.1320653169829","","",
"Congo, Rep.","COG","Cause of death, by non-communicable diseases (% of total)","SH.DTH.NCOM.ZS","","","","","","","","","","","","","","","","","","","","","","","","","","","","","","","","","","","","","","","","","30.7847985254864","","","","","","","","","","36.7408231155986","","","","","36.348042882852","","","","38.5735094747127","","",
"Colombia","COL","Cause of death, by non-communicable diseases (% of total)","SH.DTH.NCOM.ZS","","","","","","","","","","","","","","","","","","","","","","","","","","","","","","","","","","","","","","","","","58.0425715321001","","","","","","","","","","68.3482972289314","","","","","73.3244708620116","","","","75.6457144242242","","",
"Comoros","COM","Cause of death, by non-communicable diseases (% of total)","SH.DTH.NCOM.ZS","","","","","","","","","","","","","","","","","","","","","","","","","","","","","","","","","","","","","","","","","35.3305380357828","","","","","","","","","","38.1365822132766","","","","","42.4693391511457","","","","44.6818800906545","","",
"Cabo Verde","CPV","Cause of death, by non-communicable diseases (% of total)","SH.DTH.NCOM.ZS","","","","","","","","","","","","","","","","","","","","","","","","","","","","","","","","","","","","","","","","","53.6556946665509","","","","","","","","","","62.1703714159242","","","","","65.7525173788183","","","","70.1204552332968","","",
"Costa Rica","CRI","Cause of death, by non-communicable diseases (% of total)","SH.DTH.NCOM.ZS","","","","","","","","","","","","","","","","","","","","","","","","","","","","","","","","","","","","","","","","","78.9165545748899","","","","","","","","","","81.2426753069014","","","","","81.0247387375876","","","","81.9929907443709","","",
"Caribbean small states","CSS","Cause of death, by non-communicable diseases (% of total)","SH.DTH.NCOM.ZS","","","","","","","","","","","","","","","","","","","","","","","","","","","","","","","","","","","","","","","","","72.1124654934431","","","","","","","","","","75.4261943405638","","","","","77.2821320943385","","","","78.1198072808531","","",
"Cuba","CUB","Cause of death, by non-communicable diseases (% of total)","SH.DTH.NCOM.ZS","","","","","","","","","","","","","","","","","","","","","","","","","","","","","","","","","","","","","","","","","81.2520436121103","","","","","","","","","","85.0240003075382","","","","","83.6672134750582","","","","83.3072850613784","","",
"Curacao","CUW","Cause of death, by non-communicable diseases (% of total)","SH.DTH.NCOM.ZS","","","","","","","","","","","","","","","","","","","","","","","","","","","","","","","","","","","","","","","","","","","","","","","","","","","","","","","","","","","","","","",
"Cayman Islands","CYM","Cause of death, by non-communicable diseases (% of total)","SH.DTH.NCOM.ZS","","","","","","","","","","","","","","","","","","","","","","","","","","","","","","","","","","","","","","","","","","","","","","","","","","","","","","","","","","","","","","",
"Cyprus","CYP","Cause of death, by non-communicable diseases (% of total)","SH.DTH.NCOM.ZS","","","","","","","","","","","","","","","","","","","","","","","","","","","","","","","","","","","","","","","","","89.5138173042377","","","","","","","","","","90.4474462803766","","","","","90.7245350697746","","","","89.8616486277654","","",
"Czech Republic","CZE","Cause of death, by non-communicable diseases (% of total)","SH.DTH.NCOM.ZS","","","","","","","","","","","","","","","","","","","","","","","","","","","","","","","","","","","","","","","","","90.3795859040048","","","","","","","","","","89.9221699012801","","","","","89.9278531709988","","","","89.3967236941536","","",
"Germany","DEU","Cause of death, by non-communicable diseases (% of total)","SH.DTH.NCOM.ZS","","","","","","","","","","","","","","","","","","","","","","","","","","","","","","","","","","","","","","","","","91.8692448137765","","","","","","","","","","91.500669582915","","","","","91.0462466946146","","","","90.5983327596301","","",
"Djibouti","DJI","Cause of death, by non-communicable diseases (% of total)","SH.DTH.NCOM.ZS","","","","","","","","","","","","","","","","","","","","","","","","","","","","","","","","","","","","","","","","","31.4491024174878","","","","","","","","","","39.8981942595174","","","","","46.312715142862","","","","51.7746300342238","","",
"Dominica","DMA","Cause of death, by non-communicable diseases (% of total)","SH.DTH.NCOM.ZS","","","","","","","","","","","","","","","","","","","","","","","","","","","","","","","","","","","","","","","","","","","","","","","","","","","","","","","","","","","","","","",
"Denmark","DNK","Cause of death, by non-communicable diseases (% of total)","SH.DTH.NCOM.ZS","","","","","","","","","","","","","","","","","","","","","","","","","","","","","","","","","","","","","","","","","90.6256745695065","","","","","","","","","","89.8342157756743","","","","","90.1347060017041","","","","89.6578412938322","","",
"Dominican Republic","DOM","Cause of death, by non-communicable diseases (% of total)","SH.DTH.NCOM.ZS","","","","","","","","","","","","","","","","","","","","","","","","","","","","","","","","","","","","","","","","","51.4967114899394","","","","","","","","","","64.3635443434705","","","","","72.641001183748","","","","71.9343488283774","","",
"Algeria","DZA","Cause of death, by non-communicable diseases (% of total)","SH.DTH.NCOM.ZS","","","","","","","","","","","","","","","","","","","","","","","","","","","","","","","","","","","","","","","","","68.2861420363165","","","","","","","","","","74.8315188708989","","","","","76.9701279297424","","","","79.3555504278759","","",
"East Asia & Pacific (excluding high income)","EAP","Cause of death, by non-communicable diseases (% of total)","SH.DTH.NCOM.ZS","","","","","","","","","","","","","","","","","","","","","","","","","","","","","","","","","","","","","","","","","74.3902964526053","","","","","","","","","","81.0232258884542","","","","","83.32446486131","","","","85.0127739025204","","",
"Early-demographic dividend","EAR","Cause of death, by non-communicable diseases (% of total)","SH.DTH.NCOM.ZS","","","","","","","","","","","","","","","","","","","","","","","","","","","","","","","","","","","","","","","","","47.6202698107809","","","","","","","","","","57.7089617736954","","","","","64.1107094902228","","","","67.7579516971546","","",
"East Asia & Pacific","EAS","Cause of death, by non-communicable diseases (% of total)","SH.DTH.NCOM.ZS","","","","","","","","","","","","","","","","","","","","","","","","","","","","","","","","","","","","","","","","","75.0771286863527","","","","","","","","","","81.0506092137838","","","","","83.1850839955063","","","","84.9033261574998","","",
"Europe & Central Asia (excluding high income)","ECA","Cause of death, by non-communicable diseases (% of total)","SH.DTH.NCOM.ZS","","","","","","","","","","","","","","","","","","","","","","","","","","","","","","","","","","","","","","","","","83.5236865788074","","","","","","","","","","87.2527402669985","","","","","88.3083018329823","","","","89.742641697371","","",
"Europe & Central Asia","ECS","Cause of death, by non-communicable diseases (% of total)","SH.DTH.NCOM.ZS","","","","","","","","","","","","","","","","","","","","","","","","","","","","","","","","","","","","","","","","","86.500068055392","","","","","","","","","","88.9335685819091","","","","","89.2177444710861","","","","89.5954844157238","","",
"Ecuador","ECU","Cause of death, by non-communicable diseases (% of total)","SH.DTH.NCOM.ZS","","","","","","","","","","","","","","","","","","","","","","","","","","","","","","","","","","","","","","","","","62.3722956850809","","","","","","","","","","69.9286421272243","","","","","73.8297049028354","","","","76.2035026213013","","",
"Egypt, Arab Rep.","EGY","Cause of death, by non-communicable diseases (% of total)","SH.DTH.NCOM.ZS","","","","","","","","","","","","","","","","","","","","","","","","","","","","","","","","","","","","","","","","","74.1158068999397","","","","","","","","","","81.9617087171341","","","","","84.1887281782163","","","","85.6078303042361","","",
"Euro area","EMU","Cause of death, by non-communicable diseases (% of total)","SH.DTH.NCOM.ZS","","","","","","","","","","","","","","","","","","","","","","","","","","","","","","","","","","","","","","","","","89.7282294822047","","","","","","","","","","90.3695895838437","","","","","89.8213729102714","","","","89.4057887246807","","",
"Eritrea","ERI","Cause of death, by non-communicable diseases (% of total)","SH.DTH.NCOM.ZS","","","","","","","","","","","","","","","","","","","","","","","","","","","","","","","","","","","","","","","","","36.7129223822857","","","","","","","","","","42.8209945191882","","","","","46.5720444669907","","","","49.4781866614906","","",
"Spain","ESP","Cause of death, by non-communicable diseases (% of total)","SH.DTH.NCOM.ZS","","","","","","","","","","","","","","","","","","","","","","","","","","","","","","","","","","","","","","","","","90.5963025440401","","","","","","","","","","91.8079354653356","","","","","91.2594543710255","","","","90.7674536252155","","",
"Estonia","EST","Cause of death, by non-communicable diseases (% of total)","SH.DTH.NCOM.ZS","","","","","","","","","","","","","","","","","","","","","","","","","","","","","","","","","","","","","","","","","87.3785010700081","","","","","","","","","","92.005940590055","","","","","92.8377821930748","","","","92.1948909762529","","",
"Ethiopia","ETH","Cause of death, by non-communicable diseases (% of total)","SH.DTH.NCOM.ZS","","","","","","","","","","","","","","","","","","","","","","","","","","","","","","","","","","","","","","","","","22.4813976906069","","","","","","","","","","32.7501686912737","","","","","38.2774493240118","","","","43.2587026475636","","",
"European Union","EUU","Cause of death, by non-communicable diseases (% of total)","SH.DTH.NCOM.ZS","","","","","","","","","","","","","","","","","","","","","","","","","","","","","","","","","","","","","","","","","89.883736745672","","","","","","","","","","90.6514243885462","","","","","90.2512808951488","","","","89.823485545283","","",
"Fragile and conflict affected situations","FCS","Cause of death, by non-communicable diseases (% of total)","SH.DTH.NCOM.ZS","","","","","","","","","","","","","","","","","","","","","","","","","","","","","","","","","","","","","","","","","33.810523255634","","","","","","","","","","38.7404833107356","","","","","41.8476062608794","","","","44.9352871988419","","",
"Finland","FIN","Cause of death, by non-communicable diseases (% of total)","SH.DTH.NCOM.ZS","","","","","","","","","","","","","","","","","","","","","","","","","","","","","","","","","","","","","","","","","85.7218360887158","","","","","","","","","","91.4489463285919","","","","","93.3228448057592","","","","92.9328258466129","","",
"Fiji","FJI","Cause of death, by non-communicable diseases (% of total)","SH.DTH.NCOM.ZS","","","","","","","","","","","","","","","","","","","","","","","","","","","","","","","","","","","","","","","","","80.30473882388","","","","","","","","","","83.9361708363845","","","","","84.1868223579273","","","","84.7051796587893","","",
"France","FRA","Cause of death, by non-communicable diseases (% of total)","SH.DTH.NCOM.ZS","","","","","","","","","","","","","","","","","","","","","","","","","","","","","","","","","","","","","","","","","85.4616270746668","","","","","","","","","","87.1560813588257","","","","","86.829738874205","","","","87.2761033734964","","",
"Faroe Islands","FRO","Cause of death, by non-communicable diseases (% of total)","SH.DTH.NCOM.ZS","","","","","","","","","","","","","","","","","","","","","","","","","","","","","","","","","","","","","","","","","","","","","","","","","","","","","","","","","","","","","","",
"Micronesia, Fed. Sts.","FSM","Cause of death, by non-communicable diseases (% of total)","SH.DTH.NCOM.ZS","","","","","","","","","","","","","","","","","","","","","","","","","","","","","","","","","","","","","","","","","66.3024145757636","","","","","","","","","","74.2664292932901","","","","","76.8663596898965","","","","79.4845909465401","","",
"Gabon","GAB","Cause of death, by non-communicable diseases (% of total)","SH.DTH.NCOM.ZS","","","","","","","","","","","","","","","","","","","","","","","","","","","","","","","","","","","","","","","","","42.5910715724015","","","","","","","","","","42.5783697143894","","","","","45.502949424311","","","","45.0063092378199","","",
"United Kingdom","GBR","Cause of death, by non-communicable diseases (% of total)","SH.DTH.NCOM.ZS","","","","","","","","","","","","","","","","","","","","","","","","","","","","","","","","","","","","","","","","","85.2153410464502","","","","","","","","","","89.3427633545594","","","","","88.4900017661646","","","","88.1570765293416","","",
"Georgia","GEO","Cause of death, by non-communicable diseases (% of total)","SH.DTH.NCOM.ZS","","","","","","","","","","","","","","","","","","","","","","","","","","","","","","","","","","","","","","","","","91.334871641155","","","","","","","","","","92.3965711104472","","","","","92.4565350351342","","","","93.3455004497632","","",
"Ghana","GHA","Cause of death, by non-communicable diseases (% of total)","SH.DTH.NCOM.ZS","","","","","","","","","","","","","","","","","","","","","","","","","","","","","","","","","","","","","","","","","29.2925570459229","","","","","","","","","","38.5272085965894","","","","","42.8451174308924","","","","45.3861391861051","","",
"Gibraltar","GIB","Cause of death, by non-communicable diseases (% of total)","SH.DTH.NCOM.ZS","","","","","","","","","","","","","","","","","","","","","","","","","","","","","","","","","","","","","","","","","","","","","","","","","","","","","","","","","","","","","","",
"Guinea","GIN","Cause of death, by non-communicable diseases (% of total)","SH.DTH.NCOM.ZS","","","","","","","","","","","","","","","","","","","","","","","","","","","","","","","","","","","","","","","","","21.5912896277697","","","","","","","","","","29.1475524000434","","","","","31.5859447732273","","","","33.2732838664995","","",
"Gambia, The","GMB","Cause of death, by non-communicable diseases (% of total)","SH.DTH.NCOM.ZS","","","","","","","","","","","","","","","","","","","","","","","","","","","","","","","","","","","","","","","","","27.2226352527285","","","","","","","","","","32.5637311852131","","","","","35.4321333029728","","","","37.0967169269006","","",
"Guinea-Bissau","GNB","Cause of death, by non-communicable diseases (% of total)","SH.DTH.NCOM.ZS","","","","","","","","","","","","","","","","","","","","","","","","","","","","","","","","","","","","","","","","","25.0084748748094","","","","","","","","","","29.5112890818905","","","","","30.2956418377657","","","","33.173239929153","","",
"Equatorial Guinea","GNQ","Cause of death, by non-communicable diseases (% of total)","SH.DTH.NCOM.ZS","","","","","","","","","","","","","","","","","","","","","","","","","","","","","","","","","","","","","","","","","30.2478249124902","","","","","","","","","","30.6886669242047","","","","","32.7604028268351","","","","32.7808875315218","","",
"Greece","GRC","Cause of death, by non-communicable diseases (% of total)","SH.DTH.NCOM.ZS","","","","","","","","","","","","","","","","","","","","","","","","","","","","","","","","","","","","","","","","","92.1401640738214","","","","","","","","","","91.2738889074434","","","","","86.8109194729314","","","","83.2361672454401","","",
"Grenada","GRD","Cause of death, by non-communicable diseases (% of total)","SH.DTH.NCOM.ZS","","","","","","","","","","","","","","","","","","","","","","","","","","","","","","","","","","","","","","","","","80.5048017853893","","","","","","","","","","84.9670600319015","","","","","81.9714660422648","","","","82.8045358893799","","",
"Greenland","GRL","Cause of death, by non-communicable diseases (% of total)","SH.DTH.NCOM.ZS","","","","","","","","","","","","","","","","","","","","","","","","","","","","","","","","","","","","","","","","","","","","","","","","","","","","","","","","","","","","","","",
"Guatemala","GTM","Cause of death, by non-communicable diseases (% of total)","SH.DTH.NCOM.ZS","","","","","","","","","","","","","","","","","","","","","","","","","","","","","","","","","","","","","","","","","42.8343329876322","","","","","","","","","","54.5800602362564","","","","","60.9542203396235","","","","61.5661164563163","","",
"Guam","GUM","Cause of death, by non-communicable diseases (% of total)","SH.DTH.NCOM.ZS","","","","","","","","","","","","","","","","","","","","","","","","","","","","","","","","","","","","","","","","","","","","","","","","","","","","","","","","","","","","","","",
"Guyana","GUY","Cause of death, by non-communicable diseases (% of total)","SH.DTH.NCOM.ZS","","","","","","","","","","","","","","","","","","","","","","","","","","","","","","","","","","","","","","","","","60.2892551262086","","","","","","","","","","65.6094943855358","","","","","67.2872967941811","","","","69.648005383792","","",
"High income","HIC","Cause of death, by non-communicable diseases (% of total)","SH.DTH.NCOM.ZS","","","","","","","","","","","","","","","","","","","","","","","","","","","","","","","","","","","","","","","","","87.2741071453439","","","","","","","","","","87.7294159508","","","","","87.6250140890561","","","","87.7942868366934","","",
"Hong Kong SAR, China","HKG","Cause of death, by non-communicable diseases (% of total)","SH.DTH.NCOM.ZS","","","","","","","","","","","","","","","","","","","","","","","","","","","","","","","","","","","","","","","","","","","","","","","","","","","","","","","","","","","","","","",
"Honduras","HND","Cause of death, by non-communicable diseases (% of total)","SH.DTH.NCOM.ZS","","","","","","","","","","","","","","","","","","","","","","","","","","","","","","","","","","","","","","","","","53.9820909704351","","","","","","","","","","62.6194172292613","","","","","69.4524016113305","","","","71.4312565119184","","",
"Heavily indebted poor countries (HIPC)","HPC","Cause of death, by non-communicable diseases (% of total)","SH.DTH.NCOM.ZS","","","","","","","","","","","","","","","","","","","","","","","","","","","","","","","","","","","","","","","","","25.01517024126","","","","","","","","","","31.0702977494112","","","","","36.4227999012189","","","","39.9181413242392","","",
"Croatia","HRV","Cause of death, by non-communicable diseases (% of total)","SH.DTH.NCOM.ZS","","","","","","","","","","","","","","","","","","","","","","","","","","","","","","","","","","","","","","","","","90.8111443185263","","","","","","","","","","92.7766093279369","","","","","92.7005529948632","","","","91.5384707848712","","",
"Haiti","HTI","Cause of death, by non-communicable diseases (% of total)","SH.DTH.NCOM.ZS","","","","","","","","","","","","","","","","","","","","","","","","","","","","","","","","","","","","","","","","","46.6550631893473","","","","","","","","","","16.3212192582758","","","","","61.0969736296395","","","","64.7169351587221","","",
"Hungary","HUN","Cause of death, by non-communicable diseases (% of total)","SH.DTH.NCOM.ZS","","","","","","","","","","","","","","","","","","","","","","","","","","","","","","","","","","","","","","","","","91.2859706478452","","","","","","","","","","92.9856166280788","","","","","93.3431936021452","","","","93.8859147873012","","",
"IBRD only","IBD","Cause of death, by non-communicable diseases (% of total)","SH.DTH.NCOM.ZS","","","","","","","","","","","","","","","","","","","","","","","","","","","","","","","","","","","","","","","","","65.5891004790282","","","","","","","","","","72.8932632243764","","","","","76.4820546110342","","","","78.7094309998373","","",
"IDA & IBRD total","IBT","Cause of death, by non-communicable diseases (% of total)","SH.DTH.NCOM.ZS","","","","","","","","","","","","","","","","","","","","","","","","","","","","","","","","","","","","","","","","","55.6632261979198","","","","","","","","","","63.5011059489452","","","","","67.5907900518247","","","","70.5268701754941","","",
"IDA total","IDA","Cause of death, by non-communicable diseases (% of total)","SH.DTH.NCOM.ZS","","","","","","","","","","","","","","","","","","","","","","","","","","","","","","","","","","","","","","","","","30.4875384638282","","","","","","","","","","38.058771233179","","","","","42.3049809538846","","","","46.133802656395","","",
"IDA blend","IDB","Cause of death, by non-communicable diseases (% of total)","SH.DTH.NCOM.ZS","","","","","","","","","","","","","","","","","","","","","","","","","","","","","","","","","","","","","","","","","32.2795113978686","","","","","","","","","","38.9360456317535","","","","","42.1228235388275","","","","44.9001264611717","","",
"Indonesia","IDN","Cause of death, by non-communicable diseases (% of total)","SH.DTH.NCOM.ZS","","","","","","","","","","","","","","","","","","","","","","","","","","","","","","","","","","","","","","","","","60.5310370938515","","","","","","","","","","69.0694680236578","","","","","73.0713752539611","","","","76.3264256879934","","",
"IDA only","IDX","Cause of death, by non-communicable diseases (% of total)","SH.DTH.NCOM.ZS","","","","","","","","","","","","","","","","","","","","","","","","","","","","","","","","","","","","","","","","","29.5815638731703","","","","","","","","","","37.5821847685374","","","","","42.4103072486305","","","","46.8495294740863","","",
"Isle of Man","IMN","Cause of death, by non-communicable diseases (% of total)","SH.DTH.NCOM.ZS","","","","","","","","","","","","","","","","","","","","","","","","","","","","","","","","","","","","","","","","","","","","","","","","","","","","","","","","","","","","","","",
"India","IND","Cause of death, by non-communicable diseases (% of total)","SH.DTH.NCOM.ZS","","","","","","","","","","","","","","","","","","","","","","","","","","","","","","","","","","","","","","","","","44.0172142322494","","","","","","","","","","54.7948740551498","","","","","62.042953140371","","","","65.9332019454579","","",
"Not classified","INX","Cause of death, by non-communicable diseases (% of total)","SH.DTH.NCOM.ZS","","","","","","","","","","","","","","","","","","","","","","","","","","","","","","","","","","","","","","","","","","","","","","","","","","","","","","","","","","","","","","",
"Ireland","IRL","Cause of death, by non-communicable diseases (% of total)","SH.DTH.NCOM.ZS","","","","","","","","","","","","","","","","","","","","","","","","","","","","","","","","","","","","","","","","","85.0614990035855","","","","","","","","","","88.5883114015248","","","","","89.9654186700796","","","","90.4058687318321","","",
"Iran, Islamic Rep.","IRN","Cause of death, by non-communicable diseases (% of total)","SH.DTH.NCOM.ZS","","","","","","","","","","","","","","","","","","","","","","","","","","","","","","","","","","","","","","","","","69.7345370642722","","","","","","","","","","74.6220121885318","","","","","79.2810327531216","","","","81.3071549864524","","",
"Iraq","IRQ","Cause of death, by non-communicable diseases (% of total)","SH.DTH.NCOM.ZS","","","","","","","","","","","","","","","","","","","","","","","","","","","","","","","","","","","","","","","","","58.7984260883905","","","","","","","","","","60.4232720654822","","","","","55.6317198717159","","","","66.8927788998746","","",
"Iceland","ISL","Cause of death, by non-communicable diseases (% of total)","SH.DTH.NCOM.ZS","","","","","","","","","","","","","","","","","","","","","","","","","","","","","","","","","","","","","","","","","87.8793278407564","","","","","","","","","","89.8244503819077","","","","","89.667495100966","","","","89.4710659502945","","",
"Israel","ISR","Cause of death, by non-communicable diseases (% of total)","SH.DTH.NCOM.ZS","","","","","","","","","","","","","","","","","","","","","","","","","","","","","","","","","","","","","","","","","87.1683504624956","","","","","","","","","","86.8961751004377","","","","","85.6170227148356","","","","85.4465034349679","","",
"Italy","ITA","Cause of death, by non-communicable diseases (% of total)","SH.DTH.NCOM.ZS","","","","","","","","","","","","","","","","","","","","","","","","","","","","","","","","","","","","","","","","","91.9503694446995","","","","","","","","","","92.2468466267496","","","","","91.1489832076112","","","","90.6385058588077","","",
"Jamaica","JAM","Cause of death, by non-communicable diseases (% of total)","SH.DTH.NCOM.ZS","","","","","","","","","","","","","","","","","","","","","","","","","","","","","","","","","","","","","","","","","72.9266310502698","","","","","","","","","","76.2039739680013","","","","","79.223943626019","","","","79.297063590575","","",
"Jordan","JOR","Cause of death, by non-communicable diseases (% of total)","SH.DTH.NCOM.ZS","","","","","","","","","","","","","","","","","","","","","","","","","","","","","","","","","","","","","","","","","69.6909366774968","","","","","","","","","","72.6674428356556","","","","","75.0102153184574","","","","79.6060658555472","","",
"Japan","JPN","Cause of death, by non-communicable diseases (% of total)","SH.DTH.NCOM.ZS","","","","","","","","","","","","","","","","","","","","","","","","","","","","","","","","","","","","","","","","","79.8169503103041","","","","","","","","","","80.277952877026","","","","","81.5693594983226","","","","84.7905248056048","","",
"Kazakhstan","KAZ","Cause of death, by non-communicable diseases (% of total)","SH.DTH.NCOM.ZS","","","","","","","","","","","","","","","","","","","","","","","","","","","","","","","","","","","","","","","","","79.6021177981181","","","","","","","","","","81.5175133754637","","","","","84.0231057567219","","","","86.6754521201012","","",
"Kenya","KEN","Cause of death, by non-communicable diseases (% of total)","SH.DTH.NCOM.ZS","","","","","","","","","","","","","","","","","","","","","","","","","","","","","","","","","","","","","","","","","20.5633076182304","","","","","","","","","","28.9693306154506","","","","","34.1938073267532","","","","40.856479221944","","",
"Kyrgyz Republic","KGZ","Cause of death, by non-communicable diseases (% of total)","SH.DTH.NCOM.ZS","","","","","","","","","","","","","","","","","","","","","","","","","","","","","","","","","","","","","","","","","73.5834119926739","","","","","","","","","","76.9412100012404","","","","","80.1115287592888","","","","81.5861780638101","","",
"Cambodia","KHM","Cause of death, by non-communicable diseases (% of total)","SH.DTH.NCOM.ZS","","","","","","","","","","","","","","","","","","","","","","","","","","","","","","","","","","","","","","","","","39.119970481486","","","","","","","","","","57.270761623233","","","","","63.8302577255094","","","","67.7209576492285","","",
"Kiribati","KIR","Cause of death, by non-communicable diseases (% of total)","SH.DTH.NCOM.ZS","","","","","","","","","","","","","","","","","","","","","","","","","","","","","","","","","","","","","","","","","64.3223432520124","","","","","","","","","","67.8289103602091","","","","","69.5397914017234","","","","72.8134553298564","","",
"St. Kitts and Nevis","KNA","Cause of death, by non-communicable diseases (% of total)","SH.DTH.NCOM.ZS","","","","","","","","","","","","","","","","","","","","","","","","","","","","","","","","","","","","","","","","","","","","","","","","","","","","","","","","","","","","","","",
"Korea, Rep.","KOR","Cause of death, by non-communicable diseases (% of total)","SH.DTH.NCOM.ZS","","","","","","","","","","","","","","","","","","","","","","","","","","","","","","","","","","","","","","","","","81.5814307874377","","","","","","","","","","80.1622548279412","","","","","79.9542233154575","","","","77.9104186148433","","",
"Kuwait","KWT","Cause of death, by non-communicable diseases (% of total)","SH.DTH.NCOM.ZS","","","","","","","","","","","","","","","","","","","","","","","","","","","","","","","","","","","","","","","","","71.4340540832012","","","","","","","","","","71.7650198580962","","","","","72.9796457509454","","","","79.3692717439555","","",
"Latin America & Caribbean (excluding high income)","LAC","Cause of death, by non-communicable diseases (% of total)","SH.DTH.NCOM.ZS","","","","","","","","","","","","","","","","","","","","","","","","","","","","","","","","","","","","","","","","","66.6730394993307","","","","","","","","","","67.4365436652115","","","","","74.4929242783024","","","","75.5726703520425","","",
"Lao PDR","LAO","Cause of death, by non-communicable diseases (% of total)","SH.DTH.NCOM.ZS","","","","","","","","","","","","","","","","","","","","","","","","","","","","","","","","","","","","","","","","","39.8022664725572","","","","","","","","","","52.6833242380408","","","","","59.3029459573512","","","","65.3429480560114","","",
"Lebanon","LBN","Cause of death, by non-communicable diseases (% of total)","SH.DTH.NCOM.ZS","","","","","","","","","","","","","","","","","","","","","","","","","","","","","","","","","","","","","","","","","80.7170111008676","","","","","","","","","","87.0527498622529","","","","","87.323590658767","","","","88.5511303769937","","",
"Liberia","LBR","Cause of death, by non-communicable diseases (% of total)","SH.DTH.NCOM.ZS","","","","","","","","","","","","","","","","","","","","","","","","","","","","","","","","","","","","","","","","","20.1296224502384","","","","","","","","","","28.07753381067","","","","","26.9196484485278","","","","31.6550622520222","","",
"Libya","LBY","Cause of death, by non-communicable diseases (% of total)","SH.DTH.NCOM.ZS","","","","","","","","","","","","","","","","","","","","","","","","","","","","","","","","","","","","","","","","","70.2815872772267","","","","","","","","","","74.8492232308695","","","","","65.8972816547574","","","","75.050321329237","","",
"St. Lucia","LCA","Cause of death, by non-communicable diseases (% of total)","SH.DTH.NCOM.ZS","","","","","","","","","","","","","","","","","","","","","","","","","","","","","","","","","","","","","","","","","79.7742839617519","","","","","","","","","","80.5400401176861","","","","","81.5992830536705","","","","82.096785253246","","",
"Latin America & Caribbean","LCN","Cause of death, by non-communicable diseases (% of total)","SH.DTH.NCOM.ZS","","","","","","","","","","","","","","","","","","","","","","","","","","","","","","","","","","","","","","","","","67.1705563142977","","","","","","","","","","68.074467146962","","","","","74.5560545202185","","","","75.5031496469107","","",
"Least developed countries: UN classification","LDC","Cause of death, by non-communicable diseases (% of total)","SH.DTH.NCOM.ZS","","","","","","","","","","","","","","","","","","","","","","","","","","","","","","","","","","","","","","","","","28.4095077606197","","","","","","","","","","36.2012960614821","","","","","41.4713727887073","","","","45.5660727614851","","",
"Low income","LIC","Cause of death, by non-communicable diseases (% of total)","SH.DTH.NCOM.ZS","","","","","","","","","","","","","","","","","","","","","","","","","","","","","","","","","","","","","","","","","25.799505336216","","","","","","","","","","33.9977281495644","","","","","37.4032447005511","","","","41.2308029017714","","",
"Liechtenstein","LIE","Cause of death, by non-communicable diseases (% of total)","SH.DTH.NCOM.ZS","","","","","","","","","","","","","","","","","","","","","","","","","","","","","","","","","","","","","","","","","","","","","","","","","","","","","","","","","","","","","","",
"Sri Lanka","LKA","Cause of death, by non-communicable diseases (% of total)","SH.DTH.NCOM.ZS","","","","","","","","","","","","","","","","","","","","","","","","","","","","","","","","","","","","","","","","","74.362985313725","","","","","","","","","","75.9677535655116","","","","","82.6731105390946","","","","82.5187048538365","","",
"Lower middle income","LMC","Cause of death, by non-communicable diseases (% of total)","SH.DTH.NCOM.ZS","","","","","","","","","","","","","","","","","","","","","","","","","","","","","","","","","","","","","","","","","45.7315473919139","","","","","","","","","","54.8763067888961","","","","","60.7828526883928","","","","64.2631258477203","","",
"Low & middle income","LMY","Cause of death, by non-communicable diseases (% of total)","SH.DTH.NCOM.ZS","","","","","","","","","","","","","","","","","","","","","","","","","","","","","","","","","","","","","","","","","55.0309718269852","","","","","","","","","","63.0799420081078","","","","","67.2508504957086","","","","70.2577420194856","","",
"Lesotho","LSO","Cause of death, by non-communicable diseases (% of total)","SH.DTH.NCOM.ZS","","","","","","","","","","","","","","","","","","","","","","","","","","","","","","","","","","","","","","","","","27.6395141047242","","","","","","","","","","38.4108948408623","","","","","44.3618020731498","","","","45.0802861409139","","",
"Late-demographic dividend","LTE","Cause of death, by non-communicable diseases (% of total)","SH.DTH.NCOM.ZS","","","","","","","","","","","","","","","","","","","","","","","","","","","","","","","","","","","","","","","","","79.2681132744805","","","","","","","","","","84.1974175059404","","","","","85.7921265275194","","","","86.9925367511462","","",
"Lithuania","LTU","Cause of death, by non-communicable diseases (% of total)","SH.DTH.NCOM.ZS","","","","","","","","","","","","","","","","","","","","","","","","","","","","","","","","","","","","","","","","","85.1298971440617","","","","","","","","","","88.5451191272801","","","","","89.6883443365829","","","","91.1542757580292","","",
"Luxembourg","LUX","Cause of death, by non-communicable diseases (% of total)","SH.DTH.NCOM.ZS","","","","","","","","","","","","","","","","","","","","","","","","","","","","","","","","","","","","","","","","","88.3081133301625","","","","","","","","","","87.2570759409712","","","","","88.47320102911","","","","88.5966262598026","","",
"Latvia","LVA","Cause of death, by non-communicable diseases (% of total)","SH.DTH.NCOM.ZS","","","","","","","","","","","","","","","","","","","","","","","","","","","","","","","","","","","","","","","","","86.1944225165947","","","","","","","","","","91.0629932597049","","","","","91.6897535035995","","","","91.9936098302222","","",
"Macao SAR, China","MAC","Cause of death, by non-communicable diseases (% of total)","SH.DTH.NCOM.ZS","","","","","","","","","","","","","","","","","","","","","","","","","","","","","","","","","","","","","","","","","","","","","","","","","","","","","","","","","","","","","","",
"St. Martin (French part)","MAF","Cause of death, by non-communicable diseases (% of total)","SH.DTH.NCOM.ZS","","","","","","","","","","","","","","","","","","","","","","","","","","","","","","","","","","","","","","","","","","","","","","","","","","","","","","","","","","","","","","",
"Morocco","MAR","Cause of death, by non-communicable diseases (% of total)","SH.DTH.NCOM.ZS","","","","","","","","","","","","","","","","","","","","","","","","","","","","","","","","","","","","","","","","","67.7181925489051","","","","","","","","","","77.0622552195819","","","","","81.4320974162168","","","","84.1902894663775","","",
"Monaco","MCO","Cause of death, by non-communicable diseases (% of total)","SH.DTH.NCOM.ZS","","","","","","","","","","","","","","","","","","","","","","","","","","","","","","","","","","","","","","","","","","","","","","","","","","","","","","","","","","","","","","",
"Moldova","MDA","Cause of death, by non-communicable diseases (% of total)","SH.DTH.NCOM.ZS","","","","","","","","","","","","","","","","","","","","","","","","","","","","","","","","","","","","","","","","","86.8337416640148","","","","","","","","","","87.1707665522437","","","","","88.7341249966908","","","","89.484237974785","","",
"Madagascar","MDG","Cause of death, by non-communicable diseases (% of total)","SH.DTH.NCOM.ZS","","","","","","","","","","","","","","","","","","","","","","","","","","","","","","","","","","","","","","","","","31.3989187707194","","","","","","","","","","40.033065782203","","","","","42.7857032203935","","","","45.0253641794136","","",
"Maldives","MDV","Cause of death, by non-communicable diseases (% of total)","SH.DTH.NCOM.ZS","","","","","","","","","","","","","","","","","","","","","","","","","","","","","","","","","","","","","","","","","71.8580921092811","","","","","","","","","","82.865854476024","","","","","84.4802550736946","","","","85.1781921618113","","",
"Middle East & North Africa","MEA","Cause of death, by non-communicable diseases (% of total)","SH.DTH.NCOM.ZS","","","","","","","","","","","","","","","","","","","","","","","","","","","","","","","","","","","","","","","","","68.1870983593871","","","","","","","","","","74.7646186454285","","","","","73.6430369510166","","","","78.5151296218175","","",
"Mexico","MEX","Cause of death, by non-communicable diseases (% of total)","SH.DTH.NCOM.ZS","","","","","","","","","","","","","","","","","","","","","","","","","","","","","","","","","","","","","","","","","70.155572012689","","","","","","","","","","76.0637841319078","","","","","79.8132340601764","","","","80.4103092072542","","",
"Marshall Islands","MHL","Cause of death, by non-communicable diseases (% of total)","SH.DTH.NCOM.ZS","","","","","","","","","","","","","","","","","","","","","","","","","","","","","","","","","","","","","","","","","","","","","","","","","","","","","","","","","","","","","","",
"Middle income","MIC","Cause of death, by non-communicable diseases (% of total)","SH.DTH.NCOM.ZS","","","","","","","","","","","","","","","","","","","","","","","","","","","","","","","","","","","","","","","","","59.2056865938536","","","","","","","","","","66.7164678252098","","","","","70.9327659804805","","","","73.6584836486606","","",
"North Macedonia","MKD","Cause of death, by non-communicable diseases (% of total)","SH.DTH.NCOM.ZS","","","","","","","","","","","","","","","","","","","","","","","","","","","","","","","","","","","","","","","","","92.8276720338903","","","","","","","","","","95.2420564501999","","","","","95.3425098262177","","","","96.131870575848","","",
"Mali","MLI","Cause of death, by non-communicable diseases (% of total)","SH.DTH.NCOM.ZS","","","","","","","","","","","","","","","","","","","","","","","","","","","","","","","","","","","","","","","","","22.1953707650169","","","","","","","","","","25.9261433981711","","","","","28.2175333617775","","","","30.3222602495614","","",
"Malta","MLT","Cause of death, by non-communicable diseases (% of total)","SH.DTH.NCOM.ZS","","","","","","","","","","","","","","","","","","","","","","","","","","","","","","","","","","","","","","","","","88.1959554883808","","","","","","","","","","91.2402010522648","","","","","90.5477892834769","","","","89.7452088059069","","",
"Myanmar","MMR","Cause of death, by non-communicable diseases (% of total)","SH.DTH.NCOM.ZS","","","","","","","","","","","","","","","","","","","","","","","","","","","","","","","","","","","","","","","","","49.0467834349826","","","","","","","","","","59.4292630610747","","","","","66.459484986708","","","","71.1445252140296","","",
"Middle East & North Africa (excluding high income)","MNA","Cause of death, by non-communicable diseases (% of total)","SH.DTH.NCOM.ZS","","","","","","","","","","","","","","","","","","","","","","","","","","","","","","","","","","","","","","","","","67.5005559208853","","","","","","","","","","74.6882702444229","","","","","73.4308639026944","","","","78.691406145708","","",
"Montenegro","MNE","Cause of death, by non-communicable diseases (% of total)","SH.DTH.NCOM.ZS","","","","","","","","","","","","","","","","","","","","","","","","","","","","","","","","","","","","","","","","","90.0055429740938","","","","","","","","","","92.6493649507084","","","","","93.8632321411354","","","","94.1059452107939","","",
"Mongolia","MNG","Cause of death, by non-communicable diseases (% of total)","SH.DTH.NCOM.ZS","","","","","","","","","","","","","","","","","","","","","","","","","","","","","","","","","","","","","","","","","71.9135577587071","","","","","","","","","","78.0406409339238","","","","","79.8013034670979","","","","82.7159926018599","","",
"Northern Mariana Islands","MNP","Cause of death, by non-communicable diseases (% of total)","SH.DTH.NCOM.ZS","","","","","","","","","","","","","","","","","","","","","","","","","","","","","","","","","","","","","","","","","","","","","","","","","","","","","","","","","","","","","","",
"Mozambique","MOZ","Cause of death, by non-communicable diseases (% of total)","SH.DTH.NCOM.ZS","","","","","","","","","","","","","","","","","","","","","","","","","","","","","","","","","","","","","","","","","24.1952514172206","","","","","","","","","","30.2106519355533","","","","","33.0677058020347","","","","36.1641671601934","","",
"Mauritania","MRT","Cause of death, by non-communicable diseases (% of total)","SH.DTH.NCOM.ZS","","","","","","","","","","","","","","","","","","","","","","","","","","","","","","","","","","","","","","","","","27.1324263713957","","","","","","","","","","29.7623917035575","","","","","33.6381326390159","","","","37.0647597305999","","",
"Mauritius","MUS","Cause of death, by non-communicable diseases (% of total)","SH.DTH.NCOM.ZS","","","","","","","","","","","","","","","","","","","","","","","","","","","","","","","","","","","","","","","","","85.4721736830647","","","","","","","","","","85.9628306743642","","","","","87.9902962314023","","","","88.3814838404028","","",
"Malawi","MWI","Cause of death, by non-communicable diseases (% of total)","SH.DTH.NCOM.ZS","","","","","","","","","","","","","","","","","","","","","","","","","","","","","","","","","","","","","","","","","21.540996425637","","","","","","","","","","29.9916007372789","","","","","36.9963238937741","","","","40.1883723817408","","",
"Malaysia","MYS","Cause of death, by non-communicable diseases (% of total)","SH.DTH.NCOM.ZS","","","","","","","","","","","","","","","","","","","","","","","","","","","","","","","","","","","","","","","","","73.1667674271091","","","","","","","","","","71.474978464192","","","","","71.0097997668116","","","","73.4429783304743","","",
"North America","NAC","Cause of death, by non-communicable diseases (% of total)","SH.DTH.NCOM.ZS","","","","","","","","","","","","","","","","","","","","","","","","","","","","","","","","","","","","","","","","","88.0302481019989","","","","","","","","","","88.16027701029","","","","","88.0955223591383","","","","88.2883765535651","","",
"Namibia","NAM","Cause of death, by non-communicable diseases (% of total)","SH.DTH.NCOM.ZS","","","","","","","","","","","","","","","","","","","","","","","","","","","","","","","","","","","","","","","","","30.4425979417479","","","","","","","","","","40.2558829934852","","","","","42.8480491024387","","","","43.0371729362929","","",
"New Caledonia","NCL","Cause of death, by non-communicable diseases (% of total)","SH.DTH.NCOM.ZS","","","","","","","","","","","","","","","","","","","","","","","","","","","","","","","","","","","","","","","","","","","","","","","","","","","","","","","","","","","","","","",
"Niger","NER","Cause of death, by non-communicable diseases (% of total)","SH.DTH.NCOM.ZS","","","","","","","","","","","","","","","","","","","","","","","","","","","","","","","","","","","","","","","","","16.5713719708882","","","","","","","","","","23.4406588654639","","","","","27.6083491304185","","","","30.3541425963808","","",
"Nigeria","NGA","Cause of death, by non-communicable diseases (% of total)","SH.DTH.NCOM.ZS","","","","","","","","","","","","","","","","","","","","","","","","","","","","","","","","","","","","","","","","","20.5302890701461","","","","","","","","","","24.0613185693917","","","","","25.6790307111329","","","","27.1317098254344","","",
"Nicaragua","NIC","Cause of death, by non-communicable diseases (% of total)","SH.DTH.NCOM.ZS","","","","","","","","","","","","","","","","","","","","","","","","","","","","","","","","","","","","","","","","","64.6399439411355","","","","","","","","","","74.753246199966","","","","","79.0984911479853","","","","81.6398958837988","","",
"Netherlands","NLD","Cause of death, by non-communicable diseases (% of total)","SH.DTH.NCOM.ZS","","","","","","","","","","","","","","","","","","","","","","","","","","","","","","","","","","","","","","","","","89.1711885771062","","","","","","","","","","89.4243499756617","","","","","89.2953055269509","","","","88.234188813408","","",
"Norway","NOR","Cause of death, by non-communicable diseases (% of total)","SH.DTH.NCOM.ZS","","","","","","","","","","","","","","","","","","","","","","","","","","","","","","","","","","","","","","","","","87.0904518928513","","","","","","","","","","87.6724112288554","","","","","87.1864695254935","","","","86.7221299287588","","",
"Nepal","NPL","Cause of death, by non-communicable diseases (% of total)","SH.DTH.NCOM.ZS","","","","","","","","","","","","","","","","","","","","","","","","","","","","","","","","","","","","","","","","","33.9406227826907","","","","","","","","","","54.2148861914656","","","","","59.8492417290464","","","","66.4573216682287","","",
"Nauru","NRU","Cause of death, by non-communicable diseases (% of total)","SH.DTH.NCOM.ZS","","","","","","","","","","","","","","","","","","","","","","","","","","","","","","","","","","","","","","","","","","","","","","","","","","","","","","","","","","","","","","",
"New Zealand","NZL","Cause of death, by non-communicable diseases (% of total)","SH.DTH.NCOM.ZS","","","","","","","","","","","","","","","","","","","","","","","","","","","","","","","","","","","","","","","","","91.2871645980186","","","","","","","","","","89.8081729064488","","","","","89.9333668359445","","","","89.6018985474786","","",
"OECD members","OED","Cause of death, by non-communicable diseases (% of total)","SH.DTH.NCOM.ZS","","","","","","","","","","","","","","","","","","","","","","","","","","","","","","","","","","","","","","","","","85.8068548253615","","","","","","","","","","86.8632548416436","","","","","87.0814062103588","","","","87.355098826393","","",
"Oman","OMN","Cause of death, by non-communicable diseases (% of total)","SH.DTH.NCOM.ZS","","","","","","","","","","","","","","","","","","","","","","","","","","","","","","","","","","","","","","","","","73.85881198433","","","","","","","","","","76.1814068878104","","","","","78.4870922992034","","","","79.7897919025766","","",
"Other small states","OSS","Cause of death, by non-communicable diseases (% of total)","SH.DTH.NCOM.ZS","","","","","","","","","","","","","","","","","","","","","","","","","","","","","","","","","","","","","","","","","42.6868000733043","","","","","","","","","","50.1881968800555","","","","","53.9657063316469","","","","56.0096327399276","","",
"Pakistan","PAK","Cause of death, by non-communicable diseases (% of total)","SH.DTH.NCOM.ZS","","","","","","","","","","","","","","","","","","","","","","","","","","","","","","","","","","","","","","","","","45.6594271497745","","","","","","","","","","53.0217057656377","","","","","56.7799413924832","","","","59.8558675161075","","",
"Panama","PAN","Cause of death, by non-communicable diseases (% of total)","SH.DTH.NCOM.ZS","","","","","","","","","","","","","","","","","","","","","","","","","","","","","","","","","","","","","","","","","69.2478295646373","","","","","","","","","","69.8754188149835","","","","","75.3093581640921","","","","77.859990559681","","",
"Peru","PER","Cause of death, by non-communicable diseases (% of total)","SH.DTH.NCOM.ZS","","","","","","","","","","","","","","","","","","","","","","","","","","","","","","","","","","","","","","","","","55.3383009101423","","","","","","","","","","67.2530838970562","","","","","70.4288657487505","","","","72.5860849365678","","",
"Philippines","PHL","Cause of death, by non-communicable diseases (% of total)","SH.DTH.NCOM.ZS","","","","","","","","","","","","","","","","","","","","","","","","","","","","","","","","","","","","","","","","","55.1808796351004","","","","","","","","","","64.0094112000817","","","","","67.2160919773446","","","","69.7491443602475","","",
"Palau","PLW","Cause of death, by non-communicable diseases (% of total)","SH.DTH.NCOM.ZS","","","","","","","","","","","","","","","","","","","","","","","","","","","","","","","","","","","","","","","","","","","","","","","","","","","","","","","","","","","","","","",
"Papua New Guinea","PNG","Cause of death, by non-communicable diseases (% of total)","SH.DTH.NCOM.ZS","","","","","","","","","","","","","","","","","","","","","","","","","","","","","","","","","","","","","","","","","43.4220808003914","","","","","","","","","","52.7042982870165","","","","","59.3541962737704","","","","62.3545333786307","","",
"Poland","POL","Cause of death, by non-communicable diseases (% of total)","SH.DTH.NCOM.ZS","","","","","","","","","","","","","","","","","","","","","","","","","","","","","","","","","","","","","","","","","89.2901926794164","","","","","","","","","","90.0074379648155","","","","","90.3762185546728","","","","89.906897649352","","",
"Pre-demographic dividend","PRE","Cause of death, by non-communicable diseases (% of total)","SH.DTH.NCOM.ZS","","","","","","","","","","","","","","","","","","","","","","","","","","","","","","","","","","","","","","","","","23.4702164897273","","","","","","","","","","29.1922971798013","","","","","32.2191763747548","","","","35.2431982623352","","",
"Puerto Rico","PRI","Cause of death, by non-communicable diseases (% of total)","SH.DTH.NCOM.ZS","","","","","","","","","","","","","","","","","","","","","","","","","","","","","","","","","","","","","","","","","","","","","","","","","","","","","","","","","","","","","","",
"Korea, Dem. People's Rep.","PRK","Cause of death, by non-communicable diseases (% of total)","SH.DTH.NCOM.ZS","","","","","","","","","","","","","","","","","","","","","","","","","","","","","","","","","","","","","","","","","48.0942922038412","","","","","","","","","","76.1848543659944","","","","","82.1618805915635","","","","80.4000006804435","","",
"Portugal","PRT","Cause of death, by non-communicable diseases (% of total)","SH.DTH.NCOM.ZS","","","","","","","","","","","","","","","","","","","","","","","","","","","","","","","","","","","","","","","","","87.1152901134679","","","","","","","","","","86.5873776278381","","","","","86.2288183970629","","","","86.6892779439777","","",
"Paraguay","PRY","Cause of death, by non-communicable diseases (% of total)","SH.DTH.NCOM.ZS","","","","","","","","","","","","","","","","","","","","","","","","","","","","","","","","","","","","","","","","","61.1316350643343","","","","","","","","","","69.0770586906766","","","","","72.9770802057947","","","","74.9383368877686","","",
"West Bank and Gaza","PSE","Cause of death, by non-communicable diseases (% of total)","SH.DTH.NCOM.ZS","","","","","","","","","","","","","","","","","","","","","","","","","","","","","","","","","","","","","","","","","","","","","","","","","","","","","","","","","","","","","","",
"Pacific island small states","PSS","Cause of death, by non-communicable diseases (% of total)","SH.DTH.NCOM.ZS","","","","","","","","","","","","","","","","","","","","","","","","","","","","","","","","","","","","","","","","","69.4272076741317","","","","","","","","","","74.8917807523706","","","","","76.099508272239","","","","77.2273841931995","","",
"Post-demographic dividend","PST","Cause of death, by non-communicable diseases (% of total)","SH.DTH.NCOM.ZS","","","","","","","","","","","","","","","","","","","","","","","","","","","","","","","","","","","","","","","","","87.5354279226653","","","","","","","","","","88.156488413283","","","","","88.024563259101","","","","88.2560126317295","","",
"French Polynesia","PYF","Cause of death, by non-communicable diseases (% of total)","SH.DTH.NCOM.ZS","","","","","","","","","","","","","","","","","","","","","","","","","","","","","","","","","","","","","","","","","","","","","","","","","","","","","","","","","","","","","","",
"Qatar","QAT","Cause of death, by non-communicable diseases (% of total)","SH.DTH.NCOM.ZS","","","","","","","","","","","","","","","","","","","","","","","","","","","","","","","","","","","","","","","","","74.6882399379053","","","","","","","","","","68.4669247694012","","","","","71.979183715229","","","","76.8900092385815","","",
"Romania","ROU","Cause of death, by non-communicable diseases (% of total)","SH.DTH.NCOM.ZS","","","","","","","","","","","","","","","","","","","","","","","","","","","","","","","","","","","","","","","","","89.8473020947602","","","","","","","","","","92.0908813318928","","","","","92.2490251411109","","","","91.037146163309","","",
"Russian Federation","RUS","Cause of death, by non-communicable diseases (% of total)","SH.DTH.NCOM.ZS","","","","","","","","","","","","","","","","","","","","","","","","","","","","","","","","","","","","","","","","","83.1349770178675","","","","","","","","","","86.3387714394784","","","","","87.6423258537981","","","","89.3053298873847","","",
"Rwanda","RWA","Cause of death, by non-communicable diseases (% of total)","SH.DTH.NCOM.ZS","","","","","","","","","","","","","","","","","","","","","","","","","","","","","","","","","","","","","","","","","29.9407543211874","","","","","","","","","","39.3308944428683","","","","","46.4104608241861","","","","50.3926880607269","","",
"South Asia","SAS","Cause of death, by non-communicable diseases (% of total)","SH.DTH.NCOM.ZS","","","","","","","","","","","","","","","","","","","","","","","","","","","","","","","","","","","","","","","","","44.0556146072309","","","","","","","","","","54.8341370846455","","","","","61.2540667624922","","","","65.2752881858985","","",
"Saudi Arabia","SAU","Cause of death, by non-communicable diseases (% of total)","SH.DTH.NCOM.ZS","","","","","","","","","","","","","","","","","","","","","","","","","","","","","","","","","","","","","","","","","69.510232817456","","","","","","","","","","72.3839809615052","","","","","71.9486598459108","","","","73.410221100722","","",
"Sudan","SDN","Cause of death, by non-communicable diseases (% of total)","SH.DTH.NCOM.ZS","","","","","","","","","","","","","","","","","","","","","","","","","","","","","","","","","","","","","","","","","36.0058771691834","","","","","","","","","","44.7198507244728","","","","","50.4399559629139","","","","53.9452462094465","","",
"Senegal","SEN","Cause of death, by non-communicable diseases (% of total)","SH.DTH.NCOM.ZS","","","","","","","","","","","","","","","","","","","","","","","","","","","","","","","","","","","","","","","","","28.16164980022","","","","","","","","","","37.7096935961074","","","","","42.1009145300258","","","","44.9103407806288","","",
"Singapore","SGP","Cause of death, by non-communicable diseases (% of total)","SH.DTH.NCOM.ZS","","","","","","","","","","","","","","","","","","","","","","","","","","","","","","","","","","","","","","","","","80.1492391006494","","","","","","","","","","77.4535588216906","","","","","75.7505045757304","","","","75.0212481147359","","",
"Solomon Islands","SLB","Cause of death, by non-communicable diseases (% of total)","SH.DTH.NCOM.ZS","","","","","","","","","","","","","","","","","","","","","","","","","","","","","","","","","","","","","","","","","49.0584246697194","","","","","","","","","","61.5463995637396","","","","","65.1417040132327","","","","66.8316987763344","","",
"Sierra Leone","SLE","Cause of death, by non-communicable diseases (% of total)","SH.DTH.NCOM.ZS","","","","","","","","","","","","","","","","","","","","","","","","","","","","","","","","","","","","","","","","","18.6684428825435","","","","","","","","","","25.4982239956513","","","","","27.201110114753","","","","34.0743981626212","","",
"El Salvador","SLV","Cause of death, by non-communicable diseases (% of total)","SH.DTH.NCOM.ZS","","","","","","","","","","","","","","","","","","","","","","","","","","","","","","","","","","","","","","","","","55.518769361975","","","","","","","","","","64.4802425556674","","","","","64.8850273974443","","","","65.1075874676011","","",
"San Marino","SMR","Cause of death, by non-communicable diseases (% of total)","SH.DTH.NCOM.ZS","","","","","","","","","","","","","","","","","","","","","","","","","","","","","","","","","","","","","","","","","","","","","","","","","","","","","","","","","","","","","","",
"Somalia","SOM","Cause of death, by non-communicable diseases (% of total)","SH.DTH.NCOM.ZS","","","","","","","","","","","","","","","","","","","","","","","","","","","","","","","","","","","","","","","","","22.5137086738549","","","","","","","","","","25.0603698272262","","","","","27.5345039305578","","","","29.8790260671022","","",
"Serbia","SRB","Cause of death, by non-communicable diseases (% of total)","SH.DTH.NCOM.ZS","","","","","","","","","","","","","","","","","","","","","","","","","","","","","","","","","","","","","","","","","92.7250815540223","","","","","","","","","","94.8317607913052","","","","","94.2980186195303","","","","94.9158841872602","","",
"Sub-Saharan Africa (excluding high income)","SSA","Cause of death, by non-communicable diseases (% of total)","SH.DTH.NCOM.ZS","","","","","","","","","","","","","","","","","","","","","","","","","","","","","","","","","","","","","","","","","23.7480082034078","","","","","","","","","","29.9464195584151","","","","","33.6661516009692","","","","36.3910625005794","","",
"South Sudan","SSD","Cause of death, by non-communicable diseases (% of total)","SH.DTH.NCOM.ZS","","","","","","","","","","","","","","","","","","","","","","","","","","","","","","","","","","","","","","","","","17.835256275336","","","","","","","","","","23.5594449637212","","","","","25.2822524764756","","","","27.9405168965776","","",
"Sub-Saharan Africa","SSF","Cause of death, by non-communicable diseases (% of total)","SH.DTH.NCOM.ZS","","","","","","","","","","","","","","","","","","","","","","","","","","","","","","","","","","","","","","","","","23.7515414088384","","","","","","","","","","29.9502744941624","","","","","33.6700609023314","","","","36.3951606968453","","",
"Small states","SST","Cause of death, by non-communicable diseases (% of total)","SH.DTH.NCOM.ZS","","","","","","","","","","","","","","","","","","","","","","","","","","","","","","","","","","","","","","","","","48.5230482886873","","","","","","","","","","55.6695314923594","","","","","59.1621037328846","","","","61.2035992915415","","",
"Sao Tome and Principe","STP","Cause of death, by non-communicable diseases (% of total)","SH.DTH.NCOM.ZS","","","","","","","","","","","","","","","","","","","","","","","","","","","","","","","","","","","","","","","","","36.8501502210663","","","","","","","","","","49.5167624708706","","","","","53.8409570467063","","","","57.630449772173","","",
"Suriname","SUR","Cause of death, by non-communicable diseases (% of total)","SH.DTH.NCOM.ZS","","","","","","","","","","","","","","","","","","","","","","","","","","","","","","","","","","","","","","","","","65.9205013244477","","","","","","","","","","71.1446309297372","","","","","75.4763602128576","","","","78.6097363921946","","",
"Slovak Republic","SVK","Cause of death, by non-communicable diseases (% of total)","SH.DTH.NCOM.ZS","","","","","","","","","","","","","","","","","","","","","","","","","","","","","","","","","","","","","","","","","90.0352979976277","","","","","","","","","","89.637049547929","","","","","89.1914720545025","","","","88.6085086359974","","",
"Slovenia","SVN","Cause of death, by non-communicable diseases (% of total)","SH.DTH.NCOM.ZS","","","","","","","","","","","","","","","","","","","","","","","","","","","","","","","","","","","","","","","","","86.200623199443","","","","","","","","","","88.3301317318423","","","","","88.5042685787872","","","","89.9880996804389","","",
"Sweden","SWE","Cause of death, by non-communicable diseases (% of total)","SH.DTH.NCOM.ZS","","","","","","","","","","","","","","","","","","","","","","","","","","","","","","","","","","","","","","","","","90.1130865690947","","","","","","","","","","90.6386642834919","","","","","88.9668585102809","","","","89.0470759204382","","",
"Eswatini","SWZ","Cause of death, by non-communicable diseases (% of total)","SH.DTH.NCOM.ZS","","","","","","","","","","","","","","","","","","","","","","","","","","","","","","","","","","","","","","","","","28.7238389296415","","","","","","","","","","38.1898817652234","","","","","42.3668466194942","","","","45.8623399494381","","",
"Sint Maarten (Dutch part)","SXM","Cause of death, by non-communicable diseases (% of total)","SH.DTH.NCOM.ZS","","","","","","","","","","","","","","","","","","","","","","","","","","","","","","","","","","","","","","","","","","","","","","","","","","","","","","","","","","","","","","",
"Seychelles","SYC","Cause of death, by non-communicable diseases (% of total)","SH.DTH.NCOM.ZS","","","","","","","","","","","","","","","","","","","","","","","","","","","","","","","","","","","","","","","","","79.0443707372243","","","","","","","","","","78.0997482789742","","","","","77.5994421518793","","","","78.9806538080804","","",
"Syrian Arab Republic","SYR","Cause of death, by non-communicable diseases (% of total)","SH.DTH.NCOM.ZS","","","","","","","","","","","","","","","","","","","","","","","","","","","","","","","","","","","","","","","","","76.7509007238488","","","","","","","","","","78.3291443451884","","","","","40.1611584087959","","","","75.2126624215035","","",
"Turks and Caicos Islands","TCA","Cause of death, by non-communicable diseases (% of total)","SH.DTH.NCOM.ZS","","","","","","","","","","","","","","","","","","","","","","","","","","","","","","","","","","","","","","","","","","","","","","","","","","","","","","","","","","","","","","",
"Chad","TCD","Cause of death, by non-communicable diseases (% of total)","SH.DTH.NCOM.ZS","","","","","","","","","","","","","","","","","","","","","","","","","","","","","","","","","","","","","","","","","19.535418424743","","","","","","","","","","23.2731350349084","","","","","25.5950533243489","","","","26.9854526457781","","",
"East Asia & Pacific (IDA & IBRD countries)","TEA","Cause of death, by non-communicable diseases (% of total)","SH.DTH.NCOM.ZS","","","","","","","","","","","","","","","","","","","","","","","","","","","","","","","","","","","","","","","","","74.8763928147885","","","","","","","","","","81.0976830909823","","","","","83.3428468124855","","","","85.0833054886331","","",
"Europe & Central Asia (IDA & IBRD countries)","TEC","Cause of death, by non-communicable diseases (% of total)","SH.DTH.NCOM.ZS","","","","","","","","","","","","","","","","","","","","","","","","","","","","","","","","","","","","","","","","","84.331684901633","","","","","","","","","","87.7841356568659","","","","","88.7525670475131","","","","89.850364089292","","",
"Togo","TGO","Cause of death, by non-communicable diseases (% of total)","SH.DTH.NCOM.ZS","","","","","","","","","","","","","","","","","","","","","","","","","","","","","","","","","","","","","","","","","28.84450650751","","","","","","","","","","34.3515136449908","","","","","38.2114976442517","","","","41.1204738449955","","",
"Thailand","THA","Cause of death, by non-communicable diseases (% of total)","SH.DTH.NCOM.ZS","","","","","","","","","","","","","","","","","","","","","","","","","","","","","","","","","","","","","","","","","63.2751835038187","","","","","","","","","","71.2369035991596","","","","","73.817462877219","","","","76.5819668572181","","",
"Tajikistan","TJK","Cause of death, by non-communicable diseases (% of total)","SH.DTH.NCOM.ZS","","","","","","","","","","","","","","","","","","","","","","","","","","","","","","","","","","","","","","","","","52.6285131371009","","","","","","","","","","69.7221127404227","","","","","71.5525987616323","","","","73.1880151836871","","",
"Turkmenistan","TKM","Cause of death, by non-communicable diseases (% of total)","SH.DTH.NCOM.ZS","","","","","","","","","","","","","","","","","","","","","","","","","","","","","","","","","","","","","","","","","69.2201244298595","","","","","","","","","","73.1601437467736","","","","","70.6714914415714","","","","72.3043873152797","","",
"Latin America & the Caribbean (IDA & IBRD countries)","TLA","Cause of death, by non-communicable diseases (% of total)","SH.DTH.NCOM.ZS","","","","","","","","","","","","","","","","","","","","","","","","","","","","","","","","","","","","","","","","","66.7722791597545","","","","","","","","","","67.6132595993676","","","","","74.2943958879372","","","","75.2700441044075","","",
"Timor-Leste","TLS","Cause of death, by non-communicable diseases (% of total)","SH.DTH.NCOM.ZS","","","","","","","","","","","","","","","","","","","","","","","","","","","","","","","","","","","","","","","","","30.1577169654065","","","","","","","","","","47.2373252982921","","","","","48.3678514959676","","","","53.083942403429","","",
"Middle East & North Africa (IDA & IBRD countries)","TMN","Cause of death, by non-communicable diseases (% of total)","SH.DTH.NCOM.ZS","","","","","","","","","","","","","","","","","","","","","","","","","","","","","","","","","","","","","","","","","67.5005559208853","","","","","","","","","","74.6882702444229","","","","","73.4308639026944","","","","78.691406145708","","",
"Tonga","TON","Cause of death, by non-communicable diseases (% of total)","SH.DTH.NCOM.ZS","","","","","","","","","","","","","","","","","","","","","","","","","","","","","","","","","","","","","","","","","78.4535140291176","","","","","","","","","","80.588770852297","","","","","81.7975014034956","","","","79.4010784668366","","",
"South Asia (IDA & IBRD)","TSA","Cause of death, by non-communicable diseases (% of total)","SH.DTH.NCOM.ZS","","","","","","","","","","","","","","","","","","","","","","","","","","","","","","","","","","","","","","","","","44.0556146072309","","","","","","","","","","54.8341370846455","","","","","61.2540667624922","","","","65.2752881858985","","",
"Sub-Saharan Africa (IDA & IBRD countries)","TSS","Cause of death, by non-communicable diseases (% of total)","SH.DTH.NCOM.ZS","","","","","","","","","","","","","","","","","","","","","","","","","","","","","","","","","","","","","","","","","23.7515414088384","","","","","","","","","","29.9502744941625","","","","","33.6700609023314","","","","36.3951606968453","","",
"Trinidad and Tobago","TTO","Cause of death, by non-communicable diseases (% of total)","SH.DTH.NCOM.ZS","","","","","","","","","","","","","","","","","","","","","","","","","","","","","","","","","","","","","","","","","79.3390905798923","","","","","","","","","","79.925659311535","","","","","82.3669985102435","","","","82.6593998696751","","",
"Tunisia","TUN","Cause of death, by non-communicable diseases (% of total)","SH.DTH.NCOM.ZS","","","","","","","","","","","","","","","","","","","","","","","","","","","","","","","","","","","","","","","","","78.6895742205093","","","","","","","","","","83.5345114502486","","","","","84.1575813119377","","","","85.9446988729274","","",
"Turkiye","TUR","Cause of death, by non-communicable diseases (% of total)","SH.DTH.NCOM.ZS","","","","","","","","","","","","","","","","","","","","","","","","","","","","","","","","","","","","","","","","","80.1155068237135","","","","","","","","","","88.822879774528","","","","","88.7629454068832","","","","90.1666080124334","","",
"Tuvalu","TUV","Cause of death, by non-communicable diseases (% of total)","SH.DTH.NCOM.ZS","","","","","","","","","","","","","","","","","","","","","","","","","","","","","","","","","","","","","","","","","","","","","","","","","","","","","","","","","","","","","","",
"Tanzania","TZA","Cause of death, by non-communicable diseases (% of total)","SH.DTH.NCOM.ZS","","","","","","","","","","","","","","","","","","","","","","","","","","","","","","","","","","","","","","","","","21.0173748724489","","","","","","","","","","25.791025907589","","","","","30.3140745714475","","","","34.3811377618399","","",
"Uganda","UGA","Cause of death, by non-communicable diseases (% of total)","SH.DTH.NCOM.ZS","","","","","","","","","","","","","","","","","","","","","","","","","","","","","","","","","","","","","","","","","19.1574075104212","","","","","","","","","","25.2838361938874","","","","","30.9851503785501","","","","35.5809226467057","","",
"Ukraine","UKR","Cause of death, by non-communicable diseases (% of total)","SH.DTH.NCOM.ZS","","","","","","","","","","","","","","","","","","","","","","","","","","","","","","","","","","","","","","","","","88.0351028660514","","","","","","","","","","90.5780272296426","","","","","90.9317729841949","","","","91.8551649320085","","",
"Upper middle income","UMC","Cause of death, by non-communicable diseases (% of total)","SH.DTH.NCOM.ZS","","","","","","","","","","","","","","","","","","","","","","","","","","","","","","","","","","","","","","","","","77.3037500098898","","","","","","","","","","81.8001099688625","","","","","83.7093657904931","","","","85.2073356688825","","",
"Uruguay","URY","Cause of death, by non-communicable diseases (% of total)","SH.DTH.NCOM.ZS","","","","","","","","","","","","","","","","","","","","","","","","","","","","","","","","","","","","","","","","","85.5747070457557","","","","","","","","","","85.3175129602018","","","","","85.424043442929","","","","85.51001841335","","",
"United States","USA","Cause of death, by non-communicable diseases (% of total)","SH.DTH.NCOM.ZS","","","","","","","","","","","","","","","","","","","","","","","","","","","","","","","","","","","","","","","","","87.8724532736615","","","","","","","","","","88.1043193118658","","","","","88.042831442106","","","","88.1449804799197","","",
"Uzbekistan","UZB","Cause of death, by non-communicable diseases (% of total)","SH.DTH.NCOM.ZS","","","","","","","","","","","","","","","","","","","","","","","","","","","","","","","","","","","","","","","","","72.5453161159014","","","","","","","","","","80.3656006320119","","","","","82.8674507764608","","","","85.1820186447499","","",
"St. Vincent and the Grenadines","VCT","Cause of death, by non-communicable diseases (% of total)","SH.DTH.NCOM.ZS","","","","","","","","","","","","","","","","","","","","","","","","","","","","","","","","","","","","","","","","","76.7028484332608","","","","","","","","","","77.0202156054384","","","","","78.8832247974609","","","","79.0991011982907","","",
"Venezuela, RB","VEN","Cause of death, by non-communicable diseases (% of total)","SH.DTH.NCOM.ZS","","","","","","","","","","","","","","","","","","","","","","","","","","","","","","","","","","","","","","","","","63.6299637013558","","","","","","","","","","66.5723342571832","","","","","66.3624966263331","","","","65.0577003675068","","",
"British Virgin Islands","VGB","Cause of death, by non-communicable diseases (% of total)","SH.DTH.NCOM.ZS","","","","","","","","","","","","","","","","","","","","","","","","","","","","","","","","","","","","","","","","","","","","","","","","","","","","","","","","","","","","","","",
"Virgin Islands (U.S.)","VIR","Cause of death, by non-communicable diseases (% of total)","SH.DTH.NCOM.ZS","","","","","","","","","","","","","","","","","","","","","","","","","","","","","","","","","","","","","","","","","","","","","","","","","","","","","","","","","","","","","","",
"Vietnam","VNM","Cause of death, by non-communicable diseases (% of total)","SH.DTH.NCOM.ZS","","","","","","","","","","","","","","","","","","","","","","","","","","","","","","","","","","","","","","","","","72.9083712782882","","","","","","","","","","78.4023051500846","","","","","80.4074337526207","","","","81.3665708335802","","",
"Vanuatu","VUT","Cause of death, by non-communicable diseases (% of total)","SH.DTH.NCOM.ZS","","","","","","","","","","","","","","","","","","","","","","","","","","","","","","","","","","","","","","","","","67.423034522382","","","","","","","","","","70.9249365499534","","","","","72.1349900923867","","","","73.9255570040283","","",
"World","WLD","Cause of death, by non-communicable diseases (% of total)","SH.DTH.NCOM.ZS","","","","","","","","","","","","","","","","","","","","","","","","","","","","","","","","","","","","","","","","","60.8006120668003","","","","","","","","","","67.6295761782942","","","","","71.2206823083043","","","","73.6338213036619","","",
"Samoa","WSM","Cause of death, by non-communicable diseases (% of total)","SH.DTH.NCOM.ZS","","","","","","","","","","","","","","","","","","","","","","","","","","","","","","","","","","","","","","","","","76.4845367665219","","","","","","","","","","79.9433073721828","","","","","80.9956891804565","","","","81.751376205632","","",
"Kosovo","XKX","Cause of death, by non-communicable diseases (% of total)","SH.DTH.NCOM.ZS","","","","","","","","","","","","","","","","","","","","","","","","","","","","","","","","","","","","","","","","","","","","","","","","","","","","","","","","","","","","","","",
"Yemen, Rep.","YEM","Cause of death, by non-communicable diseases (% of total)","SH.DTH.NCOM.ZS","","","","","","","","","","","","","","","","","","","","","","","","","","","","","","","","","","","","","","","","","41.2572481393325","","","","","","","","","","51.2738135655353","","","","","50.0367983958617","","","","50.3616968458699","","",
"South Africa","ZAF","Cause of death, by non-communicable diseases (% of total)","SH.DTH.NCOM.ZS","","","","","","","","","","","","","","","","","","","","","","","","","","","","","","","","","","","","","","","","","39.2505854396478","","","","","","","","","","40.8141965079597","","","","","50.3104679515096","","","","51.3300565987341","","",
"Zambia","ZMB","Cause of death, by non-communicable diseases (% of total)","SH.DTH.NCOM.ZS","","","","","","","","","","","","","","","","","","","","","","","","","","","","","","","","","","","","","","","","","20.3941126106144","","","","","","","","","","28.8305322789141","","","","","33.1975246114857","","","","34.7923815115643","","",
"Zimbabwe","ZWE","Cause of death, by non-communicable diseases (% of total)","SH.DTH.NCOM.ZS","","","","","","","","","","","","","","","","","","","","","","","","","","","","","","","","","","","","","","","","","16.0093864697526","","","","","","","","","","28.8780396569393","","","","","36.9465489799274","","","","39.2582275747306","","",
